<?xml version="1.0" encoding="UTF-8" ?>
<!DOCTYPE configuration
        PUBLIC "-//mybatis.org//DTD Config 3.0//EN"
        "http://mybatis.org/dtd/mybatis-3-config.dtd">



<configuration>

    <settings>
        <!-- 设置resultMap的自动映射级别为NONE(禁止自动匹配) -->
        <!-- <setting name="autoMappingBehavior" value="NONE"/> -->
        <setting name="autoMappingBehavior" value="FULL"/>
    </settings>

    <typeAliases>
        <package name="baiyunu.edu.smbms.pojo"/>
    </typeAliases>

    <environments default="development">
        <environment id="development">
            <transactionManager type="JDBC"/>
            <dataSource type="POOLED">
                <property name="driver" value="com.mysql.cj.jdbc.Driver"/>
                <property name="url" value="jdbc:mysql://localhost:3306/smbms?serverTimezone=Hongkong"/>
                <property name="username" value="root"/>
                <property name="password" value="123456"/>
            </dataSource>
        </environment>
    </environments>

    <mappers>
        <mapper resource="mapper\UserMapper.xml"/>
        <mapper resource="mapper\ProviderMapper.xml"/>
        <mapper resource="mapper\BillMapper.xml"/>
    </mappers>
</configuration>